Index_Id	Kategorija
1	french fries, french-fried potatoes, fries, chips
2	mashed potato
3	black olive, ripe olive
4	face powder
5	crab apple, crabapple
6	Granny Smith
7	strawberry
8	blueberry
9	cranberry
10	currant
11	blackberry
12	raspberry
13	persimmon
14	mulberry
15	orange
16	kumquat
17	lemon
18	grapefruit
19	plum
20	fig
21	pineapple, ananas
22	banana
23	jackfruit, jak, jack
24	cherry
25	grape
26	custard apple
27	durian
28	mango
29	elderberry
30	guava
31	litchi, litchi nut, litchee, lichi, leechee, lichee, lychee
32	pomegranate
33	quince
34	kidney bean
35	soy, soybean, soya, soya bean
36	green pea, garden pea
37	chickpea, garbanzo
38	chard, Swiss chard, spinach beet, leaf beet
39	lettuce
40	cress
41	spinach
42	bell pepper
43	pimento, pimiento
44	jalapeno, jalapeno pepper
45	cherry tomato
46	parsnip
47	turnip
48	mustard, mustard greens, leaf mustard, Indian mustard
49	bok choy, bok choi
50	head cabbage
51	broccoli
52	cauliflower
53	brussels sprouts
54	zucchini, courgette
55	spaghetti squash
56	acorn squash
57	butternut squash
58	cucumber, cuke
59	artichoke, globe artichoke
60	asparagus
61	green onion, spring onion, scallion
62	shallot
63	leek
64	cardoon
65	celery
66	mushroom
67	pumpkin
68	cliff, drop, drop-off
69	lunar crater
70	valley, vale
71	alp
72	volcano
73	promontory, headland, head, foreland
74	sandbar, sand bar
75	dune, sand dune
76	coral reef
77	lakeside, lakeshore
78	seashore, coast, seacoast, sea-coast
79	geyser
80	bakery, bakeshop, bakehouse
81	juniper berry
82	gourd
83	acorn
84	olive
85	hip, rose hip, rosehip
86	ear, spike, capitulum
87	pumpkin seed
88	sunflower seed
89	coffee bean, coffee berry, coffee
90	rapeseed
91	corn
92	buckeye, horse chestnut, conker
93	bean
94	peanut, earthnut, goober, goober pea, groundnut, monkey nut
95	walnut
96	cashew, cashew nut
97	chestnut
98	hazelnut, filbert, cobnut, cob
99	coconut, cocoanut
100	pecan
101	pistachio, pistachio nut
102	lentil
103	pea
104	peanut
105	okra
106	sunflower, helianthus
107	lesser celandine, pilewort, Ranunculus ficaria
108	wood anemone, Anemone nemorosa
109	blue columbine, Aquilegia caerulea, Aquilegia scopulorum calcarea
110	delphinium
111	nigella
112	calla lily, calla, arum lily, Zantedeschia aethiopica
113	sandwort
114	pink, garden pink
115	babys breath, babies-breath, Gypsophila paniculata
116	ice plant, icicle plant, Mesembryanthemum crystallinum
117	globe amaranth, bachelors button, Gomphrena globosa
118	four oclock
119	Virginia spring beauty, Claytonia virginica
120	wallflower
121	damask violet, Dames violet, sweet rocket, Hesperis matronalis
122	candytuft
123	Iceland poppy, Papaver alpinum
124	prickly poppy, Papaver argemone
125	oriental poppy, Papaver orientale
126	celandine, greater celandine, swallowwort, swallow wort, Chelidonium majus
127	blue poppy, Meconopsis betonicifolia
128	Welsh poppy, Meconopsis cambrica
129	celandine poppy, wood poppy, Stylophorum diphyllum
130	corydalis
131	pearly everlasting, cottonweed, Anaphalis margaritacea
132	strawflower, golden everlasting, yellow paper daisy, Helichrysum bracteatum
133	yellow chamomile, golden marguerite, dyers chamomile, Anthemis tinctoria
134	dusty miller, silver-lace, silver lace, Tanacetum ptarmiciflorum, Chrysanthemum ptarmiciflorum
135	tansy, golden buttons, scented fern, Tanacetum vulgare
136	daisy
137	common marigold, pot marigold, ruddles, Scotch marigold, Calendula officinalis
138	China aster, Callistephus chinensis
139	cornflower, bachelors button, bluebottle, Centaurea cyanus
140	chrysanthemum
141	mistflower, mist-flower, ageratum, Conoclinium coelestinum, Eupatorium coelestinum
142	cosmos, cosmea
143	dahlia, Dahlia pinnata
144	coneflower
145	blue daisy, blue marguerite, Felicia amelloides
146	gazania
147	African daisy
148	male orchis, early purple orchid, Orchis mascula
149	butterfly orchid, butterfly orchis, Orchis papilionaceae
150	aerides
151	brassavola
152	spider orchid, Brassia lawrenceana
153	grass pink, Calopogon pulchellum, Calopogon tuberosum
154	calypso, fairy-slipper, Calypso bulbosa
155	cattleya
156	red helleborine, Cephalanthera rubra
157	coelogyne
158	cymbid, cymbidium
159	ladys slipper, lady-slipper, ladies slipper, slipper orchid
160	marsh orchid
161	dendrobium
162	disa
163	helleborine
164	fragrant orchid, Gymnadenia conopsea
165	fringed orchis, fringed orchid
166	lizard orchid, Himantoglossum hircinum
167	laelia
168	masdevallia
169	odontoglossum
170	oncidium, dancing lady orchid, butterfly plant, butterfly orchid
171	bee orchid, Ophrys apifera
172	fly orchid, Ophrys insectifera, Ophrys muscifera
173	spider orchid
174	phaius
175	moth orchid, moth plant
176	ladies tresses, ladys tresses
177	stanhopea
178	stelis
179	vanda
180	cyclamen, Cyclamen purpurascens
181	centaury
182	gentian
183	begonia
184	commelina
185	scabious, scabiosa
186	achimenes, hot water plant
187	African violet, Saintpaulia ionantha
188	streptocarpus
189	scorpionweed, scorpion weed, phacelia
190	calceolaria, slipperwort
191	toadflax, butter-and-eggs, wild snapdragon, devils flax, Linaria vulgaris
192	veronica, speedwell
193	bonsai
194	star anise, Chinese anise, Illicium verum
195	wattle
196	huisache, cassie, mimosa bush, sweet wattle, sweet acacia, scented wattle, flame tree, Acacia farnesiana
197	silk tree, Albizia julibrissin, Albizzia julibrissin
198	rain tree, saman, monkeypod, monkey pod, zaman, zamang, Albizia saman
199	dita, dita bark, devil tree, Alstonia scholaris
200	pandanus, screw pine
201	linden, linden tree, basswood, lime, lime tree
202	American beech, white beech, red beech, Fagus grandifolia, Fagus americana
203	New Zealand beech
204	live oak
205	shingle oak, laurel oak, Quercus imbricaria
206	pin oak, swamp oak, Quercus palustris
207	cork oak, Quercus suber
208	yellow birch, Betula alleghaniensis, Betula leutea
209	American white birch, paper birch, paperbark birch, canoe birch, Betula cordifolia, Betula papyrifera
210	downy birch, white birch, Betula pubescens
211	alder, alder tree
212	fringe tree
213	European ash, common European ash, Fraxinus excelsior
214	fig, common fig, common fig tree, Ficus carica
215	witch elm, wych elm, Ulmus glabra
216	Dutch elm, Ulmus hollandica
217	cabbage tree, grass tree, Cordyline australis
218	golden shower tree, drumstick tree, purging cassia, pudding pipe tree, canafistola, canafistula, Cassia fistula
219	honey locust, Gleditsia triacanthos
220	Kentucky coffee tree, bonduc, chicot, Gymnocladus dioica
221	Brazilian rosewood, caviuna wood, jacaranda, Dalbergia nigra
222	logwood, logwood tree, campeachy, bloodwood tree, Haematoxylum campechianum
223	coral tree, erythrina
224	Japanese pagoda tree, Chinese scholartree, Chinese scholar tree, Sophora japonica, Sophora sinensis
225	kowhai, Sophora tetraptera
226	palm, palm tree
227	Arabian coffee, Coffea arabica
228	cork tree, Phellodendron amurense
229	weeping willow, Babylonian weeping willow, Salix babylonica
230	pussy willow, Salix discolor
231	goat willow, florists willow, pussy willow, Salix caprea
232	China tree, false dogwood, jaboncillo, chinaberry, Sapindus saponaria
233	pepper tree, molle, Peruvian mastic tree, Schinus molle
234	balata, balata tree, beefwood, bully tree, Manilkara bidentata
235	teak, Tectona grandis
236	ginkgo, gingko, maidenhair tree, Ginkgo biloba
237	pine, pine tree, true pine
238	ilang-ilang, ylang-ylang, Cananga odorata
239	laurel
240	magnolia
241	tulip tree, tulip poplar, yellow poplar, canary whitewood, Liriodendron tulipifera
242	baobab, monkey-bread tree, Adansonia digitata
243	kapok, ceiba tree, silk-cotton tree, white silk-cotton tree, Bombay ceiba, God tree, Ceiba pentandra
244	red beech, brown oak, booyong, crows foot, stave wood, silky elm, Heritiera trifoliolata, Terrietia trifoliolata
245	cacao, cacao tree, chocolate tree, Theobroma cacao
246	sorrel tree, sourwood, titi, Oxydendrum arboreum
247	iron tree, iron-tree, ironwood, ironwood tree
248	mangrove, Rhizophora mangle
249	paper mulberry, Broussonetia papyrifera
250	Judas tree, love tree, Circis siliquastrum
251	redbud, Cercis canadensis
252	mountain ash
253	ailanthus
254	silver maple, Acer saccharinum
255	Oregon maple, big-leaf maple, Acer macrophyllum
256	sycamore, great maple, scottish maple, Acer pseudoplatanus
257	box elder, ash-leaved maple, Acer negundo
258	Japanese maple, full moon maple, Acer japonicum
259	holly
260	dogwood, dogwood tree, cornel
261	truffle, earthnut, earth-ball
262	shiitake, shiitake mushroom, Chinese black mushroom, golden oak mushroom, Oriental black mushroom, Lentinus edodes
263	lichen
264	hen-of-the-woods, hen of the woods, Polyporus frondosus, Grifola frondosa
265	jelly fungus
266	dead-mans-fingers, dead-mens-fingers, Xylaria polymorpha
267	earthstar
268	coral fungus
269	stinkhorn, carrion fungus
270	puffball, true puffball
271	gyromitra
272	bolete
273	polypore, pore fungus, pore mushroom
274	gill fungus
275	morel
276	agaric
277	trilobite
278	harvestman, daddy longlegs, Phalangium opilio
279	scorpion
280	black and gold garden spider, Argiope aurantia
281	barn spider, Araneus cavaticus
282	garden spider, Aranea diademata
283	black widow, Latrodectus mactans
284	tarantula
285	wolf spider, hunting spider
286	tick
287	mite
288	centipede
289	millipede, millepede, milliped
290	horseshoe crab, king crab, Limulus polyphemus, Xiphosurus polyphemus
291	isopod
292	Dungeness crab, Cancer magister
293	rock crab, Cancer irroratus
294	fiddler crab
295	king crab, Alaska crab, Alaskan king crab, Alaska king crab, Paralithodes camtschatica
296	American lobster, Northern lobster, Maine lobster, Homarus americanus
297	spiny lobster, langouste, rock lobster, crawfish, crayfish, sea crawfish
298	crayfish, crawfish, crawdad, crawdaddy
299	hermit crab
300	shrimp
301	barnacle, cirriped, cirripede
302	tiger beetle
303	ladybug, ladybeetle, lady beetle, ladybird, ladybird beetle
304	ground beetle, carabid beetle
305	long-horned beetle, longicorn, longicorn beetle
306	leaf beetle, chrysomelid
307	weevil
308	fly
309	mosquito
310	ant, emmet, pismire
311	bee
312	grasshopper, hopper
313	cricket
314	walking stick, walkingstick, stick insect
315	cockroach, roach
316	mantis, mantid
317	cicada, cicala
318	leafhopper
319	mayfly, dayfly, shadfly
320	lacewing, lacewing fly
321	dragonfly, darning needle, devils darning needle, sewing needle, snake feeder, snake doctor, mosquito hawk, skeeter hawk
322	damselfly
323	nymphalid, nymphalid butterfly, brush-footed butterfly, four-footed butterfly
324	ringlet, ringlet butterfly
325	monarch, monarch butterfly, milkweed butterfly, Danaus plexippus
326	cabbage butterfly
327	sulphur butterfly, sulfur butterfly
328	lycaenid, lycaenid butterfly
329	moth
330	polyp
331	jellyfish
332	sea anemone, anemone
333	coral
334	flatworm, platyhelminth
335	nematode, nematode worm, roundworm
336	earthworm, angleworm, fishworm, fishing worm, wiggler, nightwalker, nightcrawler, crawler, dew worm, red worm
337	conch
338	snail
339	slug
340	sea slug, nudibranch
341	cowrie, cowry
342	chiton, coat-of-mail shell, sea cradle, polyplacophore
343	clam
344	mussel
345	chambered nautilus, pearly nautilus, nautilus
346	starfish, sea star
347	sea urchin
348	sea cucumber, holothurian
349	Egyptian cat
350	Persian cat
351	tiger cat
352	Siamese cat, Siamese
353	tabby, tabby cat
354	vizsla, Hungarian pointer
355	English setter
356	Gordon setter
357	Irish setter, red setter
358	Brittany spaniel
359	golden retriever
360	flat-coated retriever
361	Australian terrier
362	Yorkshire terrier
363	Staffordshire bullterrier, Staffordshire bull terrier
364	Scottish deerhound, deerhound
365	greyhound
366	Rhodesian ridgeback
367	dalmatian, coach dog, carriage dog
368	corgi, Welsh corgi
369	Newfoundland, Newfoundland dog
370	miniature poodle
371	standard poodle
372	basenji
373	griffon, Brussels griffon, Belgian griffon
374	Great Dane
375	Bouvier des Flandres, Bouviers des Flandres
376	Border collie
377	German shepherd, German shepherd dog, German police dog, alsatian
378	Doberman, Doberman pinscher
379	boxer
380	Eskimo dog, husky
381	Saint Bernard, St Bernard
382	Tibetan mastiff
383	Pekinese, Pekingese, Peke
384	Chihuahua
385	black grouse
386	ptarmigan
387	ruffed grouse, partridge, Bonasa umbellus
388	prairie chicken, prairie grouse, prairie fowl
389	pheasant
390	quail
391	partridge
392	hare
393	Angora, Angora rabbit
394	wood rabbit, cottontail, cottontail rabbit
395	indri, indris, Indri indri, Indri brevicaudatus
396	Madagascar cat, ring-tailed lemur, Lemur catta
397	orangutan, orang, orangutang, Pongo pygmaeus
398	chimpanzee, chimp, Pan troglodytes
399	gorilla, Gorilla gorilla
400	siamang, Hylobates syndactylus, Symphalangus syndactylus
401	gibbon, Hylobates lar
402	titi, titi monkey
403	squirrel monkey, Saimiri sciureus
404	spider monkey, Ateles geoffroyi
405	howler monkey, howler
406	marmoset
407	colobus, colobus monkey
408	guenon, guenon monkey
409	proboscis monkey, Nasalis larvatus
410	patas, hussar monkey, Erythrocebus patas
411	baboon
412	macaque
413	langur
414	African elephant, Loxodonta africana
415	Indian elephant, Elephas maximus
416	brown bear, bruin, Ursus arctos
417	ice bear, polar bear, Ursus Maritimus, Thalarctos maritimus
418	American black bear, black bear, Ursus americanus, Euarctos americanus
419	sloth bear, Melursus ursinus, Ursus ursinus
420	badger
421	mink
422	black-footed ferret, ferret, Mustela nigripes
423	skunk, polecat, wood pussy
424	weasel
425	polecat, fitch, foulmart, foumart, Mustela putorius
426	otter
427	lesser panda, red panda, panda, bear cat, cat bear, Ailurus fulgens
428	giant panda, panda, panda bear, coon bear, Ailuropoda melanoleuca
429	raccoon, racoon
430	meerkat, mierkat
431	mongoose
432	dingo, warrigal, warragal, Canis dingo
433	African hunting dog, hyena dog, Cape hunting dog, Lycaon pictus
434	hyena, hyaena
435	kit fox, Vulpes macrotis
436	red fox, Vulpes vulpes
437	grey fox, gray fox, Urocyon cinereoargenteus
438	Arctic fox, white fox, Alopex lagopus
439	red wolf, maned wolf, Canis rufus, Canis niger
440	coyote, prairie wolf, brush wolf, Canis latrans
441	white wolf, Arctic wolf, Canis lupus tundrarum
442	timber wolf, grey wolf, gray wolf, Canis lupus
443	cougar, puma, catamount, mountain lion, painter, panther, Felis concolor
444	lynx, catamount
445	jaguar, panther, Panthera onca, Felis onca
446	tiger, Panthera tigris
447	leopard, Panthera pardus
448	snow leopard, ounce, Panthera uncia
449	lion, king of beasts, Panthera leo
450	cheetah, chetah, Acinonyx jubatus
451	loggerhead, loggerhead turtle, Caretta caretta
452	leatherback turtle, leatherback, leathery turtle, Dermochelys coriacea
453	mud turtle
454	terrapin
455	box turtle, box tortoise
456	banded gecko
457	common iguana, iguana, Iguana iguana
458	American chameleon, anole, Anolis carolinensis
459	whiptail, whiptail lizard
460	agama
461	frilled lizard, Chlamydosaurus kingi
462	alligator lizard
463	Gila monster, Heloderma suspectum
464	green lizard, Lacerta viridis
465	African chameleon, Chamaeleo chamaeleon
466	Komodo dragon, Komodo lizard, dragon lizard, giant lizard, Varanus komodoensis
467	thunder snake, worm snake, Carphophis amoenus
468	ringneck snake, ring-necked snake, ring snake
469	hognose snake, puff adder, sand viper
470	green snake, grass snake
471	king snake, kingsnake
472	garter snake, grass snake
473	water snake
474	vine snake
475	night snake, Hypsiglena torquata
476	boa constrictor, Constrictor constrictor
477	Indian cobra, Naja naja
478	green mamba
479	horned viper, cerastes, sand viper, horned asp, Cerastes cornutus
480	wood-frog, wood frog, Rana sylvatica
481	leopard frog, spring frog, Rana pipiens
482	bullfrog, Rana catesbeiana
483	tree frog, tree-frog
484	tailed frog, bell toad, ribbed toad, tailed toad, Ascaphus trui
485	European fire salamander, Salamandra salamandra
486	common newt, Triturus vulgaris
487	axolotl, mud puppy, Ambystoma mexicanum
488	great white shark, white shark, man-eater, man-eating shark, Carcharodon carcharias
489	tiger shark, Galeocerdo cuvieri
490	hammerhead, hammerhead shark
491	electric ray, crampfish, numbfish, torpedo
492	stingray
493	barracouta, snoek
494	coho, cohoe, coho salmon, blue jack, silver salmon, Oncorhynchus kisutch
495	rainbow trout, Salmo gairdneri
496	striped bass, striper, Roccus saxatilis, rockfish
497	sturgeon
498	gar, garfish, garpike, billfish, Lepisosteus osseus
499	euphonium
500	accordion, piano accordion, squeeze box
501	grand piano, grand
502	upright, upright piano
503	chime, bell, gong
504	drum, membranophone, tympan
505	gong, tam-tam
506	maraca
507	marimba, xylophone
508	banjo
509	cello, violoncello
510	violin, fiddle
511	harp
512	acoustic guitar
513	electric guitar
514	cornet, horn, trumpet, trump
515	French horn, horn
516	trombone
517	harmonica, mouth organ, harp, mouth harp
518	organ pipe, pipe, pipework
519	panpipe, pandean pipe, syrinx
520	bassoon
521	oboe, hautboy, hautbois
522	sax, saxophone
523	flute, transverse flute
524	bell
525	whistle
526	paintbrush
527	hand blower, blow dryer, blow drier, hair dryer, hair drier
528	oxygen mask
529	snorkel
530	earphone, earpiece, headphone, phone
531	loudspeaker, speaker, speaker unit, loudspeaker system, speaker system
532	microphone, mike
533	mouse, computer mouse
534	scanner, digital scanner, image scanner
535	trackball
536	electric fan, blower
537	guillotine
538	barometer
539	rule, ruler
540	odometer, hodometer, mileometer, milometer
541	scale, weighing machine
542	thermometer
543	watch, ticker
544	analog clock
545	digital clock
546	pendulum clock
547	hourglass
548	sundial
549	stethoscope
550	syringe
551	binoculars, field glasses, opera glasses
552	projector
553	hand glass, simple microscope, magnifying glass
554	optical telescope
555	radio telescope, radio reflector
556	missile
557	bow
558	cannon
559	machine gun
560	revolver, six-gun, six-shooter
561	rifle
562	sword, blade, brand, steel
563	computer keyboard, keypad
564	crane
565	lighter, light, igniter, ignitor
566	chain saw, chainsaw
567	circular saw, buzz saw
568	abacus
569	hand calculator, pocket calculator
570	cash machine, cash dispenser, automated teller machine, automatic teller machine, automated teller, automatic teller, ATM
571	desktop computer
572	laptop, laptop computer
573	hand-held computer, hand-held microcomputer
574	web site, website, internet site, site
575	harvester, reaper
576	thresher, thrasher, threshing machine
577	printer
578	slot, one-armed bandit
579	vending machine
580	sewing machine
581	joystick
582	gas pump, gasoline pump, petrol pump, island dispenser
583	carousel, carrousel, merry-go-round, roundabout, whirligig
584	Ferris wheel
585	roller coaster, big dipper, chute-the-chute
586	hard disc, hard disk, fixed disk
587	flash memory
588	car mirror
589	solar dish, solar collector, solar furnace
590	remote control, remote
591	buckle
592	button
593	hair slide
594	paper clip, paperclip, gem clip
595	knot
596	combination lock
597	padlock
598	nail
599	pin
600	screw
601	seat belt, seatbelt
602	shredder
603	candle, taper, wax light
604	flash, photoflash, flash lamp, flashgun, flashbulb, flash bulb
605	Chinese lantern
606	jack-o-lantern
607	mousetrap
608	spider web, spiders web
609	comb
610	ax, axe
611	chisel
612	cleaver, meat cleaver, chopper
613	pocketknife, pocket knife
614	plane, carpenters plane, woodworking plane
615	safety razor
616	shaver, electric shaver, electric razor
617	straight razor
618	scissors, pair of scissors
619	drill
620	lawn mower, mower
621	hammer
622	cap opener
623	corkscrew, bottle screw
624	can opener, tin opener
625	plunger, plumbers helper
626	saw
627	screwdriver
628	shovel
629	trowel
630	adjustable wrench, adjustable spanner
631	plow, plough
632	rake
633	ceramic ware
634	frying pan, frypan, skillet
635	wok
636	caldron, cauldron
637	coffeepot
638	teapot
639	spatula
640	eggbeater, eggwhisk
641	swab, swob, mop
642	broom
643	toothbrush
644	rubber eraser, rubber, pencil eraser
645	pencil sharpener
646	fishing rod, fishing pole
647	quill, quill pen
648	ballpoint, ballpoint pen, ballpen, Biro
649	fountain pen
650	pencil
651	needle
652	drumstick
653	crutch
654	flagpole, flagstaff
655	matchstick
656	bicycle-built-for-two, tandem bicycle, tandem
657	mountain bike, all-terrain bike, off-roader
658	freight car
659	passenger car, coach, carriage
660	barrow, garden cart, lawn cart, wheelbarrow
661	shopping cart
662	motor scooter, scooter
663	tank, army tank, armored combat vehicle, armoured combat vehicle
664	forklift
665	electric locomotive
666	steam locomotive
667	amphibian, amphibious vehicle
668	ambulance
669	beach wagon, station wagon, wagon, estate car, beach waggon, station waggon, waggon
670	cab, hack, taxi, taxicab
671	convertible
672	jeep, landrover
673	limousine, limo
674	minivan
675	Model T
676	racer, race car, racing car
677	go-kart
678	golfcart, golf cart
679	moped
680	snowplow, snowplough
681	fire engine, fire truck
682	garbage truck, dustcart
683	pickup, pickup truck
684	trailer truck, tractor trailer, trucking rig, rig, articulated lorry, semi
685	police van, police wagon, paddy wagon, patrol wagon, wagon, black Maria
686	recreational vehicle, RV, R.V.
687	half track
688	snowmobile
689	tractor
690	tricycle, trike, velocipede
691	unicycle, monocycle
692	horse cart, horse-cart
693	jinrikisha, ricksha, rickshaw
694	oxcart
695	covered wagon, Conestoga wagon, Conestoga, prairie wagon, prairie schooner
696	hamper
697	shopping basket
698	thimble
699	mailbag, postbag
700	backpack, back pack, knapsack, packsack, rucksack, haversack
701	sleeping bag
702	ashcan, trash can, garbage can, wastebin, ash bin, ash-bin, ashbin, dustbin, trash barrel, trash bin
703	cocktail shaker
704	saltshaker, salt shaker
705	washbasin, handbasin, washbowl, lavabo, wash-hand basin
706	vase
707	beaker
708	bucket, pail
709	mortar
710	beer bottle
711	ink bottle, inkpot
712	canteen
713	hipflask, pocket flask
714	water tower
715	rain barrel
716	bathtub, bathing tub, bath, tub
717	ladle
718	barrel, cask
719	pitcher, ewer
720	mug
721	envelope
722	beer glass
723	goblet
724	carton
725	chest
726	safe
727	crate
728	mailbox, letter box
729	measuring cup
730	wallet, billfold, notecase, pocketbook
731	bag, traveling bag, travelling bag, grip, suitcase
732	golf ball
733	baseball
734	balance beam, beam
735	horizontal bar, high bar
736	parallel bars, bars
737	basketball
738	croquet ball
739	barbell
740	dumbbell
741	in-line skate
742	ice skate
743	pool table, billiard table, snooker table
744	crossword puzzle, crossword
745	jigsaw puzzle
746	bowling pin, pin
747	chessman, chess piece
748	soccer ball
749	pool ball
750	rugby ball
751	volleyball
752	tennis ball
753	point-and-shoot camera
754	Polaroid camera, Polaroid Land camera
755	reflex camera
756	carpenters kit, tool kit
757	drilling platform, offshore rig
758	iPod
759	oscilloscope, scope, cathode-ray oscilloscope, CRO
760	camcorder
761	monitor
762	cassette player
763	cellular telephone, cellular phone, cellphone, cell, mobile phone
764	pay-phone, pay-station
765	dial telephone, dial phone
766	tape player
767	CD player
768	photocopier
769	metronome
770	parachute, chute
771	brick
772	lipstick, lip rouge
773	nail polish, nail enamel, nail varnish
774	lotion
775	hair spray
776	bumper car, Dodgem
777	airliner
778	warplane, military plane
779	airship, dirigible
780	balloon
781	fireboat
782	gondola
783	speedboat
784	lifeboat
785	canoe
786	schooner
787	catamaran
788	trimaran
789	container ship, containership, container vessel
790	liner, ocean liner
791	aircraft carrier, carrier, flattop, attack aircraft carrier
792	submarine, pigboat, sub, U-boat
793	bobsled, bobsleigh, bob
794	dogsled, dog sled, dog sleigh
795	subway train
796	bullet train, bullet
797	trolleybus, trolley coach, trackless trolley
798	school bus
799	bassinet
800	crib, cot
801	four-poster
802	trundle bed, trundle, truckle bed, truckle
803	bookcase
804	china cabinet, china closet
805	medicine chest, medicine cabinet
806	lamp
807	file, file cabinet, filing cabinet
808	flat bench
809	park bench
810	pew, church bench
811	armchair
812	barber chair
813	folding chair
814	swivel chair
815	wheelchair
816	desk
817	table-tennis table, ping-pong table, pingpong table
818	dining table, board
819	entertainment center
820	wardrobe, closet, press
821	rug, carpet, carpeting
822	shower curtain
823	theater curtain, theatre curtain
824	newspaper, paper
825	magazine, mag
826	radio, wireless
827	television, television system
828	maze, labyrinth
829	triumphal arch
830	bridge, span
831	barn
832	greenhouse, nursery, glasshouse
833	library
834	garage
835	apiary, bee house
836	boathouse
837	church, church building
838	mosque
839	stupa, tope
840	planetarium
841	restaurant, eating house, eating place, eatery
842	skyscraper
843	cinema, movie theater, movie theatre, movie house, picture palace
844	home theater, home theatre
845	lumbermill, sawmill
846	coil, spiral, volute, whorl, helix
847	colonnade
848	obelisk
849	totem pole
850	castle
851	prison, prison house
852	grocery store, grocery, food market, market
853	barbershop
854	bookshop, bookstore, bookstall
855	butcher shop, meat market
856	confectionery, confectionary, candy store
857	shoe shop, shoe-shop, shoe store
858	tobacco shop, tobacconist shop, tobacconist
859	toyshop
860	fountain
861	house of cards, cardhouse, card-house, cardcastle
862	cliff dwelling
863	yurt
864	dock, dockage, docking facility
865	brass, memorial tablet, plaque
866	megalith, megalithic structure
867	bannister, banister, balustrade, balusters, handrail
868	breakwater, groin, groyne, mole, bulwark, seawall, jetty
869	dam, dike, dyke
870	chainlink fence
871	picket fence, paling
872	stone wall
873	grille, radiator grille
874	turnstile
875	tent, collapsible shelter
876	stadium, bowl, arena, sports stadium
877	honeycomb
878	buttress, buttressing
879	beacon, lighthouse, beacon light, pharos
880	silo
881	handkerchief, hankie, hanky, hankey
882	dishrag, dishcloth
883	paper towel
884	bath towel
885	bib
886	mask
887	shoji
888	sandal
889	running shoe
890	Loafer
891	boot
892	clog, geta, patten, sabot
893	sling, scarf bandage, triangular bandage
894	Band Aid
895	eyepatch, patch
896	quilt, comforter, comfort, puff
897	doormat, welcome mat
898	fancy dress, masquerade, masquerade costume
899	wig
900	collar
901	shin guard, shinpad
902	knee pad
903	apron
904	vestment
905	academic gown, academic robe, judges robe
906	bulletproof vest
907	swimming trunks, bathing trunks
908	maillot, tank suit
909	bikini, two-piece
910	suit, suit of clothes
911	jean, blue jean, denim
912	pajama, pyjama
913	short pants, shorts, trunks
914	feather boa, boa
915	headscarf
916	stole
917	bow tie, bow-tie, bowtie
918	Windsor tie
919	bolo tie, bolo, bola tie, bola
920	hoopskirt, crinoline
921	sarong
922	poncho
923	fur coat
924	oilskin, slicker
925	lab coat, laboratory coat
926	pullover, slipover
927	cardigan
928	kimono
929	abaya
930	bathrobe
931	polo shirt, sport shirt
932	jersey, T-shirt, tee shirt
933	brassiere, bra, bandeau
934	diaper, nappy, napkin
935	mitten
936	crash helmet
937	football helmet
938	hard hat, tin hat, safety hat
939	bathing cap, swimming cap
940	mortarboard
941	shower cap
942	garrison cap, overseas cap
943	bonnet, poke bonnet
944	bearskin, busby, shako
945	cowboy hat, ten-gallon hat
946	sombrero
947	turban
948	maillot
949	sock
950	Christmas stocking
951	military uniform
952	pajama, pyjama, pjs, jammies
953	brace, suspender, gallus
954	jumper, pinafore, pinny
955	gown
956	pickelhaube
957	cannon
958	breastplate, aegis, egis
959	lens cap, lens cover
960	tile roof
961	dome
962	thatch, thatched roof
963	vault
964	Venetian blind
965	window shade
966	binder, ring-binder
967	lampshade, lamp shade
968	mosquito net
969	window screen
970	fire screen, fireguard
971	shield, buckler
972	cuirass
973	chain mail, ring mail, mail, chain armor, chain armour, ring armor, ring armour
974	gasmask, respirator, gas helmet
975	ski mask
976	holster
977	scabbard
978	birdhouse
979	bell cote, bell cot
980	umbrella
981	manhole cover
982	bottlecap
983	nipple
984	tumble-dryer, tumble drier
985	curling iron
986	iron, smoothing iron
987	espresso maker
988	hot plate, hotplate
989	ice maker
990	microwave, microwave oven
991	Dutch oven
992	rotisserie
993	electric range
994	Primus stove, Primus
995	toaster
996	waffle iron
997	vacuum, vacuum cleaner
998	dishwasher, dish washer, dishwashing machine
999	refrigerator, icebox
1000	washer, automatic washer, washing machine
1001	entity
1002	physical entity
1003	matter
1004	substance
1005	food, nutrient
1006	foodstuff, food product
1007	starches
1008	potato, white potato, Irish potato, murphy, spud, tater
1009	ingredient, fixings
1010	flavorer, flavourer, flavoring, flavouring, seasoner, seasoning
1011	condiment
1012	relish
1013	olive
1014	agent
1015	drug
1016	medicine, medication, medicament, medicinal drug
1017	powder
1018	solid
1019	food, solid food
1020	produce, green goods, green groceries, garden truck
1021	edible fruit
1022	apple
1023	eating apple, dessert apple
1024	berry
1025	citrus, citrus fruit, citrous fruit
1026	vegetable, veggie, veg
1027	legume
1028	bean, edible bean
1029	common bean
1030	pea
1031	greens, green, leafy vegetable
1032	salad green, salad greens
1033	solanaceous vegetable
1034	pepper
1035	sweet pepper
1036	hot pepper
1037	chili, chili pepper, chilli, chilly, chile
1038	tomato
1039	root vegetable
1040	cruciferous vegetable
1041	cabbage, chou
1042	squash
1043	summer squash
1044	winter squash
1045	onion
1046	causal agent, cause, causal agency
1047	object, physical object
1048	geological formation, formation
1049	natural depression, depression
1050	crater
1051	natural elevation, elevation
1052	mountain, mount
1053	ridge
1054	bar
1055	reef
1056	shore
1057	spring, fountain, outflow, outpouring, natural spring
1058	location
1059	point
1060	geographic point, geographical point
1061	workplace, work
1062	whole, unit
1063	natural object
1064	mechanism
1065	barrier
1066	plant part, plant structure
1067	plant organ
1068	reproductive structure
1069	fruit
1070	seed
1071	edible seed
1072	oilseed, oil-rich seed
1073	grain, caryopsis
1074	kernel
1075	nut
1076	edible nut
1077	berry
1078	drupe, stone fruit
1079	drupelet
1080	pome, false fruit
1081	pod, seedpod
1082	legume
1083	living thing, animate thing
1084	organism, being
1085	plant, flora, plant life
1086	vascular plant, tracheophyte
1087	spermatophyte, phanerogam, seed plant
1088	angiosperm, flowering plant
1089	flower
1090	anemone, windflower
1091	columbine, aquilegia, aquilege
1092	fig marigold, pebble plant
1093	poppy
1094	composite, composite plant
1095	everlasting, everlasting flower
1096	calendula
1097	orchid, orchidaceous plant
1098	orchis
1099	helleborine
1100	woody plant, ligneous plant
1101	tree
1102	anise tree
1103	acacia
1104	albizzia, albizia
1105	beech, beech tree
1106	southern beech, evergreen beech
1107	oak, oak tree
1108	birch, birch tree
1109	ash, ash tree
1110	fig tree
1111	elm, elm tree
1112	cassia
1113	locust tree, locust
1114	rosewood, rosewood tree
1115	blackwood, blackwood tree
1116	coffee, coffee tree
1117	willow, willow tree
1118	sallow
1119	soapberry, soapberry tree
1120	gymnospermous tree
1121	conifer, coniferous tree
1122	angiospermous tree, flowering tree
1123	maple
1124	fungus
1125	basidiomycete, basidiomycetous fungi
1126	mushroom
1127	animal, animate being, beast, brute, creature, fauna
1128	invertebrate
1129	arthropod
1130	arachnid, arachnoid
1131	spider
1132	acarine
1133	crustacean
1134	malacostracan crustacean
1135	decapod crustacean, decapod
1136	crab
1137	lobster
1138	true lobster
1139	insect
1140	beetle
1141	dipterous insect, two-winged insects, dipteran, dipteron
1142	hymenopterous insect, hymenopteran, hymenopteron, hymenopter
1143	orthopterous insect, orthopteron, orthopteran
1144	phasmid, phasmid insect
1145	dictyopterous insect
1146	homopterous insect, homopteran
1147	ephemerid, ephemeropteran
1148	neuropteron, neuropteran, neuropterous insect
1149	odonate
1150	lepidopterous insect, lepidopteron, lepidopteran
1151	butterfly
1152	danaid, danaid butterfly
1153	pierid, pierid butterfly
1154	coelenterate, cnidarian
1155	anthozoan, actinozoan
1156	worm
1157	annelid, annelid worm, segmented worm
1158	oligochaete, oligochaete worm
1159	mollusk, mollusc, shellfish
1160	gastropod, univalve
1161	bivalve, pelecypod, lamellibranch
1162	cephalopod, cephalopod mollusk
1163	echinoderm
1164	domestic animal, domesticated animal
1165	domestic cat, house cat, Felis domesticus, Felis catus
1166	dog, domestic dog, Canis familiaris
1167	hunting dog
1168	sporting dog, gun dog
1169	pointer, Spanish pointer
1170	setter
1171	spaniel
1172	retriever
1173	terrier
1174	bullterrier, bull terrier
1175	hound, hound dog
1176	poodle, poodle dog
1177	working dog
1178	shepherd dog, sheepdog, sheep dog
1179	watchdog, guard dog
1180	pinscher
1181	mastiff
1182	toy dog, toy
1183	game
1184	game bird
1185	grouse
1186	phasianid
1187	racer
1188	chordate
1189	vertebrate, craniate
1190	mammal, mammalian
1191	placental, placental mammal, eutherian, eutherian mammal
1192	lagomorph, gnawing mammal
1193	leporid, leporid mammal
1194	rabbit, coney, cony
1195	primate
1196	lemur
1197	ape
1198	anthropoid ape
1199	great ape, pongid
1200	lesser ape
1201	monkey
1202	New World monkey, platyrrhine, platyrrhinian
1203	Old World monkey, catarrhine
1204	proboscidean, proboscidian
1205	elephant
1206	carnivore
1207	bear
1208	musteline mammal, mustelid, musteline
1209	procyonid
1210	viverrine, viverrine mammal
1211	canine, canid
1212	wild dog
1213	fox
1214	wolf
1215	feline, felid
1216	cat, true cat
1217	wildcat
1218	big cat, cat
1219	pachyderm
1220	bird
1221	gallinaceous bird, gallinacean
1222	reptile, reptilian
1223	anapsid, anapsid reptile
1224	chelonian, chelonian reptile
1225	turtle
1226	sea turtle, marine turtle
1227	diapsid, diapsid reptile
1228	saurian
1229	lizard
1230	gecko
1231	iguanid, iguanid lizard
1232	teiid lizard, teiid
1233	agamid, agamid lizard
1234	anguid lizard
1235	venomous lizard
1236	lacertid lizard, lacertid
1237	chameleon, chamaeleon
1238	monitor, monitor lizard, varan
1239	snake, serpent, ophidian
1240	colubrid snake, colubrid
1241	constrictor
1242	boa
1243	elapid, elapid snake
1244	cobra
1245	mamba
1246	black mamba, Dendroaspis augusticeps
1247	viper
1248	amphibian
1249	frog, toad, toad frog, anuran, batrachian, salientian
1250	true frog, ranid
1251	salamander
1252	newt, triton
1253	ambystomid, ambystomid salamander
1254	aquatic vertebrate
1255	fish
1256	cartilaginous fish, chondrichthian
1257	elasmobranch, selachian
1258	shark
1259	mackerel shark
1260	requiem shark
1261	ray
1262	food fish
1263	salmon
1264	trout
1265	sea bass
1266	bony fish
1267	teleost fish, teleost, teleostan
1268	soft-finned fish, malacopterygian
1269	salmonid
1270	spiny-finned fish, acanthopterygian
1271	percoid fish, percoid, percoidean
1272	serranid fish, serranid
1273	ganoid, ganoid fish
1274	artifact, artefact
1275	instrumentality, instrumentation
1276	device
1277	musical instrument, instrument
1278	bass
1279	bass horn, sousaphone, tuba
1280	keyboard instrument
1281	piano, pianoforte, forte-piano
1282	percussion instrument, percussive instrument
1283	stringed instrument
1284	bowed stringed instrument, string
1285	chordophone
1286	guitar
1287	wind instrument, wind
1288	brass, brass instrument
1289	free-reed instrument
1290	pipe
1291	woodwind, woodwind instrument, wood
1292	beating-reed instrument, reed instrument, reed
1293	double-reed instrument, double reed
1294	single-reed instrument, single-reed woodwind
1295	acoustic device
1296	applicator, applier
1297	blower
1298	breathing device, breathing apparatus, breathing machine, ventilator
1299	electrical device
1300	transducer
1301	electro-acoustic transducer
1302	electronic device
1303	fan
1304	instrument
1305	instrument of execution
1306	measuring instrument, measuring system, measuring device
1307	measuring stick, measure, measuring rod
1308	meter
1309	timepiece, timekeeper, horologe
1310	clock
1311	sandglass
1312	medical instrument
1313	optical instrument
1314	scientific instrument
1315	magnifier
1316	microscope
1317	light microscope
1318	telescope, scope
1319	astronomical telescope
1320	weapon, arm, weapon system
1321	gun
1322	firearm, piece, small-arm
1323	autoloader, self-loader
1324	automatic firearm, automatic gun, automatic weapon
1325	pistol, handgun, side arm, shooting iron
1326	keyboard
1327	lifting device
1328	machine
1329	power tool
1330	power saw, saw, sawing machine
1331	calculator, calculating machine
1332	computer, computing machine, computing device, data processor, electronic computer, information processing system
1333	digital computer
1334	personal computer, PC, microcomputer
1335	portable computer
1336	farm machine
1337	printer, printing machine
1338	slot machine, coin machine
1339	textile machine
1340	mechanism
1341	control, controller
1342	mechanical device
1343	pump
1344	ride
1345	rotating mechanism
1346	memory device, storage device
1347	magnetic disk, magnetic disc, disk, disc
1348	memory, computer memory, storage, computer storage, store, memory board
1349	non-volatile storage, nonvolatile storage
1350	reflector
1351	mirror
1352	restraint, constraint
1353	fastener, fastening, holdfast, fixing
1354	clip
1355	lock
1356	safety belt, life belt, safety harness
1357	signaling device
1358	source of illumination
1359	lamp
1360	lantern
1361	trap
1362	web, entanglement
1363	implement
1364	tool
1365	cutting implement
1366	cutter, cutlery, cutting tool
1367	edge tool
1368	knife
1369	razor
1370	garden tool, lawn tool
1371	hand tool
1372	opener
1373	bottle opener
1374	wrench, spanner
1375	utensil
1376	kitchen utensil
1377	cooking utensil, cookware
1378	pan, cooking pan
1379	pot
1380	turner, food turner
1381	mixer
1382	cleaning implement, cleaning device, cleaning equipment
1383	brush
1384	eraser
1385	sharpener
1386	rod
1387	writing implement
1388	pen
1389	beater
1390	stick
1391	staff
1392	bar
1393	lever
1394	compound lever
1395	container
1396	wheeled vehicle
1397	bicycle, bike, wheel, cycle
1398	car, railcar, railway car, railroad car
1399	handcart, pushcart, cart, go-cart
1400	self-propelled vehicle
1401	armored vehicle, armoured vehicle
1402	locomotive, engine, locomotive engine, railway locomotive
1403	motor vehicle, automotive vehicle
1404	car, auto, automobile, machine, motorcar
1405	motorcycle, bike
1406	minibike, motorbike
1407	truck, motortruck
1408	van
1409	passenger van
1410	tracked vehicle
1411	wagon, waggon
1412	cart
1413	basket, handbasket
1414	bag
1415	bin
1416	shaker
1417	vessel
1418	basin
1419	jar
1420	bottle
1421	flask
1422	tank, storage tank
1423	reservoir
1424	cistern
1425	drinking vessel
1426	glass, drinking glass
1427	box
1428	strongbox, deedbox
1429	measure
1430	case
1431	baggage, luggage
1432	equipment
1433	sports equipment
1434	golf equipment
1435	baseball equipment
1436	gymnastic apparatus, exerciser
1437	basketball equipment
1438	croquet equipment
1439	weight, free weight, exercising weight
1440	skate
1441	game equipment
1442	game
1443	puzzle
1444	bowling equipment
1445	man, piece
1446	ball
1447	photographic equipment
1448	camera, photographic camera
1449	gear, paraphernalia, appurtenance
1450	kit, outfit
1451	rig
1452	drill rig, drilling rig, oilrig, oil rig
1453	electronic equipment
1454	audio system, sound system
1455	reproducer
1456	stereo, stereophony, stereo system, stereophonic system
1457	television equipment, video equipment
1458	television camera, tv camera, camera
1459	peripheral, computer peripheral, peripheral device
1460	data input device, input device
1461	telephone, phone, telephone set
1462	radiotelephone, radiophone, wireless telephone
1463	apparatus, setup
1464	duplicator, copier
1465	pendulum
1466	rescue equipment
1467	ceramic
1468	toiletry, toilet articles
1469	cosmetic
1470	makeup, make-up, war paint
1471	conveyance, transport
1472	vehicle
1473	craft
1474	aircraft
1475	heavier-than-air craft
1476	airplane, aeroplane, plane
1477	lighter-than-air craft
1478	vessel, watercraft
1479	boat
1480	motorboat, powerboat
1481	sea boat
1482	small boat
1483	sailing vessel, sailing ship
1484	sailboat, sailing boat
1485	ship
1486	cargo ship, cargo vessel
1487	passenger ship
1488	warship, war vessel, combat ship
1489	submersible, submersible warship
1490	military vehicle
1491	rocket, projectile
1492	sled, sledge, sleigh
1493	public transport
1494	train, railroad train
1495	passenger train
1496	bus, autobus, coach, charabanc, double-decker, jitney, motorbus, motorcoach, omnibus, passenger vehicle
1497	furnishing
1498	furniture, piece of furniture, article of furniture
1499	baby bed, babys bed
1500	bedroom furniture
1501	bed
1502	cabinet
1503	office furniture
1504	seat
1505	bench
1506	chair
1507	table
1508	table
1509	wall unit
1510	curtain, drape, drapery, mantle, pall
1511	medium
1512	print media
1513	press, public press
1514	system
1515	communication system
1516	telecommunication system, telecom system, telecommunication equipment, telecom equipment
1517	structure, construction
1518	arch
1519	building, edifice
1520	farm building
1521	outbuilding
1522	shed
1523	place of worship, house of prayer, house of God, house of worship
1524	shrine
1525	theater, theatre, house
1526	building complex, complex
1527	plant, works, industrial plant
1528	factory, mill, manufacturing plant, manufactory
1529	column, pillar
1530	defensive structure, defense, defence
1531	fortification, munition
1532	establishment
1533	institution
1534	penal institution, penal facility
1535	correctional institution
1536	place of business, business establishment
1537	mercantile establishment, retail store, sales outlet, outlet
1538	marketplace, market place, mart, market
1539	shop, store
1540	housing, lodging, living accommodations
1541	dwelling, home, domicile, abode, habitation, dwelling house
1542	landing, landing place
1543	memorial, monument
1544	obstruction, obstructor, obstructer, impediment, impedimenta
1545	barrier
1546	fence, fencing
1547	grate, grating
1548	movable barrier
1549	gate
1550	shelter
1551	supporting structure
1552	framework
1553	support
1554	tower
1555	creation
1556	product, production
1557	work, piece of work
1558	publication
1559	fabric, cloth, material, textile
1560	piece of cloth, piece of material
1561	towel
1562	covering
1563	screen, cover, covert, concealment
1564	footwear, footgear
1565	shoe
1566	coating, coat
1567	enamel
1568	cloth covering
1569	dressing, medical dressing
1570	bandage, patch
1571	adhesive bandage
1572	bedclothes, bed clothing, bedding
1573	floor cover, floor covering
1574	mat
1575	clothing, article of clothing, vesture, wear, wearable, habiliment
1576	attire, garb, dress
1577	costume
1578	disguise
1579	hairpiece, false hair, postiche
1580	neckpiece
1581	protective garment
1582	accessory, accoutrement, accouterment
1583	belt
1584	outerwear, overclothes
1585	gown, robe
1586	garment
1587	vest, waistcoat
1588	swimsuit, swimwear, bathing suit, swimming costume, bathing costume
1589	trouser, pant
1590	scarf
1591	kerchief
1592	neckwear
1593	necktie, tie
1594	skirt
1595	overgarment, outer garment
1596	cloak
1597	coat
1598	raincoat, waterproof
1599	macintosh, mackintosh, mac, mack
1600	sweater, jumper
1601	robe
1602	shirt
1603	undergarment, unmentionable
1604	handwear, hand wear
1605	glove
1606	headdress, headgear
1607	helmet
1608	cap
1609	hat, chapeau, lid
1610	footwear
1611	hosiery, hose
1612	tights, leotards
1613	stocking
1614	uniform
1615	nightwear, sleepwear, nightclothes
1616	apparel, wearing apparel, dress, clothes
1617	workwear
1618	mans clothing
1619	womans clothing
1620	dress, frock
1621	protective covering, protective cover, protection
1622	shield
1623	plate, scale, shell
1624	armor plate, armour plate, armor plating, plate armor, plate armour
1625	helmet
1626	cap
1627	roof
1628	blind, screen
1629	window blind
1630	shade
1631	screen
1632	armor, armour
1633	body armor, body armour, suit of armor, suit of armour, coat of mail, cataphract
1634	mask
1635	face mask
1636	sheath
1637	shelter
1638	canopy
1639	top, cover
1640	cap
1641	commodity, trade good, good
1642	consumer goods
1643	durables, durable goods, consumer durables
1644	appliance
1645	dryer, drier
1646	clothes dryer, clothes drier
1647	home appliance, household appliance
1648	kitchen appliance
1649	coffee maker
1650	oven
1651	stove, kitchen stove, range, kitchen range, cooking stove
1652	white goods
1653	drygoods, soft goods
1654	white goods, household linen
1655	linen
1656	bath linen
1657	excavation
1658	pool
1659	building material
1660	decoration, ornament, ornamentation
1661	design, pattern, figure
1662	emblem
1663	part, portion
1664	piece
1665	component, constituent, element
1666	hardware, computer hardware
1667	abstraction, abstract entity
1668	group, grouping
1669	social group
1670	organization, organisation
1671	enterprise
1672	business, concern, business concern, business organization, business organisation
1673	carrier, common carrier
1674	line
1675	railway, railroad, railroad line, railway line, railway system
1676	elevated railway, elevated railroad, elevated, el, overhead railway